year,month,trip_count,fare_per_minute,trip_total_per_minute,fare_per_mile,miles_per_hour,minutes,miles
2023,7,196710,0.9182033483215118,1.3038688629502035,4.525046186631772,19.24366618063302,19.33330376357752,7.041830267907072
