year,month,trip_count,fare_per_minute,trip_total_per_minute,fare_per_mile,miles_per_hour,minutes,miles
2023,1,170849,0.9206184232795361,1.2943213571207965,3.5347840359806657,20.82208309649756,16.70193455429453,6.810869828327939
2023,2,216261,1.0800697752560766,1.4620041710134548,4.588642573561271,19.876529202662407,17.511401115627258,6.728498198473141
